-- phpMyAdmin SQL Dump
-- version 5.2.1
-- https://www.phpmyadmin.net/
--
-- Host: 127.0.0.1
-- Generation Time: Mar 11, 2024 at 09:02 AM
-- Server version: 10.4.32-MariaDB
-- PHP Version: 8.2.12

SET SQL_MODE = "NO_AUTO_VALUE_ON_ZERO";
START TRANSACTION;
SET time_zone = "+00:00";


/*!40101 SET @OLD_CHARACTER_SET_CLIENT=@@CHARACTER_SET_CLIENT */;
/*!40101 SET @OLD_CHARACTER_SET_RESULTS=@@CHARACTER_SET_RESULTS */;
/*!40101 SET @OLD_COLLATION_CONNECTION=@@COLLATION_CONNECTION */;
/*!40101 SET NAMES utf8mb4 */;

--
-- Database: `casino`
--

-- --------------------------------------------------------

--
-- Table structure for table `cno_users`
--

CREATE TABLE `cno_users` (
  `id` int(10) NOT NULL,
  `usr_name` varchar(25) NOT NULL,
  `pass_word` varchar(200) NOT NULL,
  `mail` varchar(25) NOT NULL,
  `pno` varchar(20) NOT NULL
) ENGINE=InnoDB DEFAULT CHARSET=utf8mb4 COLLATE=utf8mb4_general_ci;

--
-- Dumping data for table `cno_users`
--

INSERT INTO `cno_users` (`id`, `usr_name`, `pass_word`, `mail`, `pno`) VALUES
(9, 's_vignesh03', 'Dhanalakshmi21', '21ucs511vignesh@gmail.com', '6369343481'),
(11, 'suthan', '123456', 'suthan@gmail.com', '6383401203');

-- --------------------------------------------------------

--
-- Table structure for table `content`
--

CREATE TABLE `content` (
  `id` int(1) NOT NULL,
  `riskagreement` varchar(3000) NOT NULL,
  `privacy` varchar(3000) NOT NULL,
  `rule` varchar(3000) NOT NULL
) ENGINE=InnoDB DEFAULT CHARSET=utf8mb4 COLLATE=utf8mb4_general_ci;

--
-- Dumping data for table `content`
--

INSERT INTO `content` (`id`, `riskagreement`, `privacy`, `rule`) VALUES
(1, '<p>\r\nParticipant acknowledges and understands that participating in the betting game involves financial risks, and there is a possibility of losing the invested amount. The Company does not guarantee any profits, and past performance is not indicative of future results.\r\n\r\nBy participating in the betting game, the Participant confirms that their involvement is entirely voluntary, and they have independently assessed the risks associated with such participation.\r\n\r\nThe Participant acknowledges that they are solely responsible for any financial losses incurred during their participation in the betting game. The Company is not liable for any financial consequences resulting from the Participant\'s decisions.\r\n\r\nParticipants must comply with all local, state, and federal laws regarding betting and gambling activities. The Company is not responsible for any legal consequences resulting from non-compliance with applicable laws.\r\n\r\nParticipants must be of legal age to participate in betting activities. The Company reserves the right to request proof of age and to terminate the participation of individuals who do not meet the age requirement.\r\n\r\nThe Company reserves the right to modify the rules and conditions of the betting game at any time. Participants will be notified of any changes through the Company\'s official communication channels.\r\n\r\nThe Company shall not be liable for any direct, indirect, incidental, consequential, or punitive damages arising out of or related to the Participant\'s participation in the betting game.\r\n\r\nThis Agreement shall be governed by and construed in accordance with the laws of Indian Jurisdiction. Any disputes arising from or in connection with this Agreement shall be resolved through arbitration in accordance with the rules of V-Club.\r\n</p>', '<h3><strong><span style=\"color:#e74c3c\">Privacy</span> Policy </strong><span style=\"color:#c0392b\">for</span> <strong><span style=\"color:#2980b9\">Coulors</span><em>&nbsp;<span style=\"color:#e74c3c\">Shoppin</span>g <span style=\"color:#9b59b6\">Mall</span></em></strong></h3>\r\n\r\n<h4>At V-Club, one of our main priorities is the privacy of our visitors. This Privacy Policy document contains types of information that are collected and recorded by coulorsmall.com and how we use it</h4>\r\n\r\n<p>If you have additional questions or require more information about our Privacy Policy, do not hesitate to contact us.</p>\r\n\r\n<p>This Privacy Policy applies only to our online activities and is valid for visitors to our website with regards to the information that they shared and/or collect in Cyber team support. This policy is not applicable to any information collected offline or via channels other than this website. Our Privacy Policy was created with the help of the Privacy Policy Generator and the Free Privacy Policy Generator.</p>\r\n\r\n<p><strong>Consent</strong><br />\r\nBy using our website, you hereby consent to our Privacy Policy and agree to its terms. For our Terms and Conditions, please visit the Terms &amp; Conditions Generator.</p>\r\n\r\n<p>Information we collect<br/>\r\nThe personal information that you are asked to provide, and the reasons why you are asked to provide it, will be made clear to you at the point we ask you to provide your personal information.</p>\r\n\r\n<p>If you contact us directly, we may receive additional information about you such as your name, email address, phone number, the contents of the message and/or attachments you may send us, and any other information you may choose to provide.</p>\r\n\r\n<p>When you register for an Account, we may ask for your contact information, including items such as name, company name, address, email address, and telephone number.</p>\r\n\r\n<p>How we use your information<br />\r\nWe use the information we collect in various ways, including to:</p>\r\n\r\n<p style=\"text-align:center\">Provide, operate, and maintain our website<br/>\r\nImprove, personalize, and expand our website<br/>\r\nUnderstand and analyze how you use our website<br/>\r\nDevelop new products, services, features, and functionality<br/>\r\nCommunicate with you, either directly or through one of our partners, including for customer service, to provide you with updates and other information relating to the website, and for marketing and promotional purposes<br/>\r\nSend you emails<br/>\r\nFind and prevent fraud<br/>\r\nLog Files<br/>\r\nbrozers.net follows a standard procedure of using log files. These files log visitors when they visit websites. All hosting companies do this and a part of hosting services&#39; analytics. The information collected by log files includes internet protocol (IP) addresses, browser type, Internet Service Provider (ISP), date and time stamp, referring/exit pages, and possibly the number of clicks. These are not linked to any information that is per', '<p style=\"font-size:10px\">3 minutes 1 issue, 2 minutes and 30 seconds to order, 30 seconds to show the lottery result. It opens all day. The total number of trade is 480 issues</p>\r\n\r\n<p style=\"font-size:10px\">If you spend 100 to trade, after deducting 2 service fee, your contract amount is 98:</p>\r\n\r\n<p style=\"font-size:10px\">1. JOIN GREEN: if the result shows 1,3,7,9, you will get (98*2) 196</p>\r\n\r\n<p style=\"font-size:10px\">If the result shows 5, you will get (98*1.5) 147</p>\r\n\r\n<p style=\"font-size:10px\">2. JOIN RED: if the result shows 2,4,6,8, you will get (98*2) 196; If the result shows 0, you will get (98*1.5) 147</p>\r\n\r\n<p style=\"font-size:10px\">3. JOIN VIOLET: if the result shows 0 or 5, you will get (98*4.5) 441</p>\r\n\r\n<p style=\"font-size:10px\">4. SELECT NUMBER: if the result is the same as the number you selected, you will get (98*9) 882</p>');

-- --------------------------------------------------------

--
-- Table structure for table `tbl_betting`
--

CREATE TABLE `tbl_betting` (
  `id` int(11) NOT NULL,
  `userid` int(11) NOT NULL,
  `periodid` varchar(11) NOT NULL,
  `bidtype` int(11) NOT NULL,
  `bidcolornumber` varchar(10) NOT NULL,
  `amount` float NOT NULL,
  `quantity` int(11) NOT NULL,
  `totalamount` int(15) NOT NULL
) ENGINE=MyISAM DEFAULT CHARSET=latin1 COLLATE=latin1_swedish_ci;

--
-- Dumping data for table `tbl_betting`
--

INSERT INTO `tbl_betting` (`id`, `userid`, `periodid`, `bidtype`, `bidcolornumber`, `amount`, `quantity`, `totalamount`) VALUES
(5, 0, '0', 1, '1', 10, 1, 10);

-- --------------------------------------------------------

--
-- Table structure for table `tbl_gameid`
--

CREATE TABLE `tbl_gameid` (
  `id` int(11) NOT NULL,
  `gameid` varchar(11) NOT NULL,
  `createdate` timestamp NOT NULL DEFAULT current_timestamp(),
  `status` int(1) NOT NULL DEFAULT 1
) ENGINE=InnoDB DEFAULT CHARSET=utf8mb4 COLLATE=utf8mb4_general_ci;

--
-- Dumping data for table `tbl_gameid`
--

INSERT INTO `tbl_gameid` (`id`, `gameid`, `createdate`, `status`) VALUES
(1, '1', '2024-03-02 20:18:00', 0),
(3, '20240305002', '2024-03-05 17:30:57', 0),
(4, '20240306003', '2024-03-05 18:32:50', 0),
(5, '20240306004', '2024-03-05 18:35:50', 0),
(6, '20240306005', '2024-03-05 18:38:56', 0),
(7, '20240306006', '2024-03-05 18:41:55', 0),
(8, '20240306007', '2024-03-05 18:44:55', 0),
(9, '20240306008', '2024-03-05 18:47:55', 0),
(10, '20240306009', '2024-03-05 18:50:55', 0),
(11, '20240306010', '2024-03-05 18:53:55', 0),
(12, '20240306011', '2024-03-05 18:56:55', 0),
(13, '20240306012', '2024-03-05 18:59:55', 0),
(14, '20240306013', '2024-03-05 19:02:55', 0),
(15, '20240306014', '2024-03-05 19:05:55', 0),
(16, '20240306015', '2024-03-05 19:08:56', 0),
(17, '20240306016', '2024-03-05 19:11:55', 0),
(18, '20240306017', '2024-03-05 19:14:55', 0),
(19, '20240306018', '2024-03-05 19:17:55', 0),
(20, '20240306019', '2024-03-05 19:20:55', 0),
(21, '20240306020', '2024-03-05 19:23:55', 0),
(22, '20240306021', '2024-03-05 19:26:55', 0),
(23, '20240306022', '2024-03-05 19:29:56', 0),
(24, '20240306023', '2024-03-05 19:32:55', 0),
(25, '20240306024', '2024-03-05 19:35:55', 0),
(26, '20240311025', '2024-03-11 06:35:55', 1);

-- --------------------------------------------------------

--
-- Table structure for table `tbl_randomdata`
--

CREATE TABLE `tbl_randomdata` (
  `id` int(11) NOT NULL,
  `price` float NOT NULL,
  `result` int(11) NOT NULL,
  `color` varchar(100) NOT NULL,
  `timer` int(11) NOT NULL,
  `dayofweek` varchar(100) NOT NULL
) ENGINE=MyISAM DEFAULT CHARSET=latin1 COLLATE=latin1_swedish_ci;

--
-- Dumping data for table `tbl_randomdata`
--

INSERT INTO `tbl_randomdata` (`id`, `price`, `result`, `color`, `timer`, `dayofweek`) VALUES
(1, 31069, 9, 'GREEN', 1, 'Day 1'),
(2, 31041, 1, 'GREEN', 2, 'Day 1'),
(3, 31026, 6, 'RED', 3, 'Day 1'),
(4, 30937, 7, 'GREEN', 4, 'Day 1'),
(5, 31024, 4, 'RED', 5, 'Day 1'),
(6, 30952, 2, 'RED', 6, 'Day 1'),
(7, 30863, 3, 'GREEN', 7, 'Day 1'),
(8, 30808, 8, 'RED', 8, 'Day 1'),
(9, 30795, 5, 'GREEN & VIOLET', 9, 'Day 1'),
(10, 30710, 0, 'RED & VIOLET', 10, 'Day 1'),
(11, 30706, 6, 'RED', 11, 'Day 1'),
(12, 30702, 2, 'RED', 12, 'Day 1'),
(13, 30769, 9, 'GREEN', 13, 'Day 1'),
(14, 30809, 9, 'GREEN', 14, 'Day 1'),
(15, 30782, 2, 'RED', 15, 'Day 1'),
(16, 30879, 9, 'GREEN', 16, 'Day 1'),
(17, 30810, 0, 'RED & VIOLET', 17, 'Day 1'),
(18, 30891, 1, 'GREEN', 18, 'Day 1'),
(19, 30973, 3, 'GREEN', 19, 'Day 1'),
(20, 30871, 1, 'GREEN', 20, 'Day 1'),
(21, 30846, 6, 'RED', 21, 'Day 1'),
(22, 30885, 5, 'GREEN & VIOLET', 22, 'Day 1'),
(23, 30951, 1, 'GREEN', 23, 'Day 1'),
(24, 31000, 0, 'RED & VIOLET', 24, 'Day 1'),
(25, 31011, 1, 'GREEN', 25, 'Day 1'),
(26, 30922, 2, 'RED', 26, 'Day 1'),
(27, 30967, 7, 'GREEN', 27, 'Day 1'),
(28, 30881, 1, 'GREEN', 28, 'Day 1'),
(29, 30857, 7, 'GREEN', 29, 'Day 1'),
(30, 30786, 6, 'RED', 30, 'Day 1'),
(31, 30761, 1, 'GREEN', 31, 'Day 1'),
(32, 30724, 4, 'RED', 32, 'Day 1'),
(33, 30778, 8, 'RED', 33, 'Day 1'),
(34, 30863, 3, 'GREEN', 34, 'Day 1'),
(35, 30940, 0, 'RED & VIOLET', 35, 'Day 1'),
(36, 30844, 4, 'RED', 36, 'Day 1'),
(37, 30803, 3, 'GREEN', 37, 'Day 1'),
(38, 30852, 2, 'RED', 38, 'Day 1'),
(39, 30945, 5, 'GREEN & VIOLET', 39, 'Day 1'),
(40, 30882, 2, 'RED', 40, 'Day 1'),
(41, 30853, 3, 'GREEN', 41, 'Day 1'),
(42, 30931, 1, 'GREEN', 42, 'Day 1'),
(43, 30901, 1, 'GREEN', 43, 'Day 1'),
(44, 30821, 1, 'GREEN', 44, 'Day 1'),
(45, 30784, 4, 'RED', 45, 'Day 1'),
(46, 30754, 4, 'RED', 46, 'Day 1'),
(47, 30816, 6, 'RED', 47, 'Day 1'),
(48, 30912, 2, 'RED', 48, 'Day 1'),
(49, 30836, 6, 'RED', 49, 'Day 1'),
(50, 30807, 7, 'GREEN', 50, 'Day 1'),
(51, 30800, 0, 'RED & VIOLET', 51, 'Day 1'),
(52, 30811, 1, 'GREEN', 52, 'Day 1'),
(53, 30859, 9, 'GREEN', 53, 'Day 1'),
(54, 30840, 0, 'RED & VIOLET', 54, 'Day 1'),
(55, 30934, 4, 'RED', 55, 'Day 1'),
(56, 30853, 3, 'GREEN', 56, 'Day 1'),
(57, 30802, 2, 'RED', 57, 'Day 1'),
(58, 30812, 2, 'RED', 58, 'Day 1'),
(59, 30845, 5, 'GREEN & VIOLET', 59, 'Day 1'),
(60, 30873, 3, 'GREEN', 60, 'Day 1'),
(61, 30799, 9, 'GREEN', 61, 'Day 1'),
(62, 30803, 3, 'GREEN', 62, 'Day 1'),
(63, 30858, 8, 'RED', 63, 'Day 1'),
(64, 30903, 3, 'GREEN', 64, 'Day 1'),
(65, 30872, 2, 'RED', 65, 'Day 1'),
(66, 30774, 4, 'RED', 66, 'Day 1'),
(67, 30856, 6, 'RED', 67, 'Day 1'),
(68, 30823, 3, 'GREEN', 68, 'Day 1'),
(69, 30826, 6, 'RED', 69, 'Day 1'),
(70, 30789, 9, 'GREEN', 70, 'Day 1'),
(71, 30748, 8, 'RED', 71, 'Day 1'),
(72, 30834, 4, 'RED', 72, 'Day 1'),
(73, 30785, 5, 'GREEN & VIOLET', 73, 'Day 1'),
(74, 30830, 0, 'RED & VIOLET', 74, 'Day 1'),
(75, 30792, 2, 'RED', 75, 'Day 1'),
(76, 30792, 2, 'RED', 76, 'Day 1'),
(77, 30874, 4, 'RED', 77, 'Day 1'),
(78, 30817, 7, 'GREEN', 78, 'Day 1'),
(79, 30776, 6, 'RED', 79, 'Day 1'),
(80, 30873, 3, 'GREEN', 80, 'Day 1'),
(81, 30905, 5, 'GREEN & VIOLET', 81, 'Day 1'),
(82, 31001, 1, 'GREEN', 82, 'Day 1'),
(83, 31032, 2, 'RED', 83, 'Day 1'),
(84, 31071, 1, 'GREEN', 84, 'Day 1'),
(85, 31067, 7, 'GREEN', 85, 'Day 1'),
(86, 31072, 2, 'RED', 86, 'Day 1'),
(87, 31157, 7, 'GREEN', 87, 'Day 1'),
(88, 31197, 7, 'GREEN', 88, 'Day 1'),
(89, 31200, 0, 'RED & VIOLET', 89, 'Day 1'),
(90, 31113, 3, 'GREEN', 90, 'Day 1'),
(91, 31112, 2, 'RED', 91, 'Day 1'),
(92, 31198, 8, 'RED', 92, 'Day 1'),
(93, 31130, 0, 'RED & VIOLET', 93, 'Day 1'),
(94, 31109, 9, 'GREEN', 94, 'Day 1'),
(95, 31142, 2, 'RED', 95, 'Day 1'),
(96, 31223, 3, 'GREEN', 96, 'Day 1'),
(97, 31270, 0, 'RED & VIOLET', 97, 'Day 1'),
(98, 31297, 7, 'GREEN', 98, 'Day 1'),
(99, 31208, 8, 'RED', 99, 'Day 1'),
(100, 31152, 2, 'RED', 100, 'Day 1'),
(101, 31232, 2, 'RED', 101, 'Day 1'),
(102, 31299, 9, 'GREEN', 102, 'Day 1'),
(103, 31388, 8, 'RED', 103, 'Day 1'),
(104, 31337, 7, 'GREEN', 104, 'Day 1'),
(105, 31360, 0, 'RED & VIOLET', 105, 'Day 1'),
(106, 31417, 7, 'GREEN', 106, 'Day 1'),
(107, 31394, 4, 'RED', 107, 'Day 1'),
(108, 31486, 6, 'RED', 108, 'Day 1'),
(109, 31450, 0, 'RED & VIOLET', 109, 'Day 1'),
(110, 31482, 2, 'RED', 110, 'Day 1'),
(111, 31512, 2, 'RED', 111, 'Day 1'),
(112, 31483, 3, 'GREEN', 112, 'Day 1'),
(113, 31532, 2, 'RED', 113, 'Day 1'),
(114, 31549, 9, 'GREEN', 114, 'Day 1'),
(115, 31458, 8, 'RED', 115, 'Day 1'),
(116, 31528, 8, 'RED', 116, 'Day 1'),
(117, 31612, 2, 'RED', 117, 'Day 1'),
(118, 31553, 3, 'GREEN', 118, 'Day 1'),
(119, 31553, 3, 'GREEN', 119, 'Day 1'),
(120, 31514, 4, 'RED', 120, 'Day 1'),
(121, 31551, 1, 'GREEN', 121, 'Day 1'),
(122, 31568, 8, 'RED', 122, 'Day 1'),
(123, 31577, 7, 'GREEN', 123, 'Day 1'),
(124, 31486, 6, 'RED', 124, 'Day 1'),
(125, 31498, 8, 'RED', 125, 'Day 1'),
(126, 31457, 7, 'GREEN', 126, 'Day 1'),
(127, 31394, 4, 'RED', 127, 'Day 1'),
(128, 31416, 6, 'RED', 128, 'Day 1'),
(129, 31426, 6, 'RED', 129, 'Day 1'),
(130, 31480, 0, 'RED & VIOLET', 130, 'Day 1'),
(131, 31424, 4, 'RED', 131, 'Day 1'),
(132, 31414, 4, 'RED', 132, 'Day 1'),
(133, 31398, 8, 'RED', 133, 'Day 1'),
(134, 31417, 7, 'GREEN', 134, 'Day 1'),
(135, 31443, 3, 'GREEN', 135, 'Day 1'),
(136, 31483, 3, 'GREEN', 136, 'Day 1'),
(137, 31551, 1, 'GREEN', 137, 'Day 1'),
(138, 31466, 6, 'RED', 138, 'Day 1'),
(139, 31371, 1, 'GREEN', 139, 'Day 1'),
(140, 31447, 7, 'GREEN', 140, 'Day 1'),
(141, 31449, 9, 'GREEN', 141, 'Day 1'),
(142, 31499, 9, 'GREEN', 142, 'Day 1'),
(143, 31574, 4, 'RED', 143, 'Day 1'),
(144, 31610, 0, 'RED & VIOLET', 144, 'Day 1'),
(145, 31616, 6, 'RED', 145, 'Day 1'),
(146, 31689, 9, 'GREEN', 146, 'Day 1'),
(147, 31630, 0, 'RED & VIOLET', 147, 'Day 1'),
(148, 31636, 6, 'RED', 148, 'Day 1'),
(149, 31630, 0, 'RED & VIOLET', 149, 'Day 1'),
(150, 31657, 7, 'GREEN', 150, 'Day 1'),
(151, 31745, 5, 'GREEN & VIOLET', 151, 'Day 1'),
(152, 31821, 1, 'GREEN', 152, 'Day 1'),
(153, 31763, 3, 'GREEN', 153, 'Day 1'),
(154, 31680, 0, 'RED & VIOLET', 154, 'Day 1'),
(155, 31668, 8, 'RED', 155, 'Day 1'),
(156, 31638, 8, 'RED', 156, 'Day 1'),
(157, 31641, 1, 'GREEN', 157, 'Day 1'),
(158, 31709, 9, 'GREEN', 158, 'Day 1'),
(159, 31701, 1, 'GREEN', 159, 'Day 1'),
(160, 31646, 6, 'RED', 160, 'Day 1'),
(161, 31647, 7, 'GREEN', 161, 'Day 1'),
(162, 31713, 3, 'GREEN', 162, 'Day 1'),
(163, 31770, 0, 'RED & VIOLET', 163, 'Day 1'),
(164, 31866, 6, 'RED', 164, 'Day 1'),
(165, 31812, 2, 'RED', 165, 'Day 1'),
(166, 31863, 3, 'GREEN', 166, 'Day 1'),
(167, 31802, 2, 'RED', 167, 'Day 1'),
(168, 31893, 3, 'GREEN', 168, 'Day 1'),
(169, 31970, 0, 'RED & VIOLET', 169, 'Day 1'),
(170, 31921, 1, 'GREEN', 170, 'Day 1'),
(171, 31983, 3, 'GREEN', 171, 'Day 1'),
(172, 31887, 7, 'GREEN', 172, 'Day 1'),
(173, 31841, 1, 'GREEN', 173, 'Day 1'),
(174, 31910, 0, 'RED & VIOLET', 174, 'Day 1'),
(175, 31817, 7, 'GREEN', 175, 'Day 1'),
(176, 31734, 4, 'RED', 176, 'Day 1'),
(177, 31749, 9, 'GREEN', 177, 'Day 1'),
(178, 31812, 2, 'RED', 178, 'Day 1'),
(179, 31827, 7, 'GREEN', 179, 'Day 1'),
(180, 31857, 7, 'GREEN', 180, 'Day 1'),
(181, 31769, 9, 'GREEN', 181, 'Day 1'),
(182, 31863, 3, 'GREEN', 182, 'Day 1'),
(183, 31794, 4, 'RED', 183, 'Day 1'),
(184, 31695, 5, 'GREEN & VIOLET', 184, 'Day 1'),
(185, 31766, 6, 'RED', 185, 'Day 1'),
(186, 31741, 1, 'GREEN', 186, 'Day 1'),
(187, 31676, 6, 'RED', 187, 'Day 1'),
(188, 31745, 5, 'GREEN & VIOLET', 188, 'Day 1'),
(189, 31838, 8, 'RED', 189, 'Day 1'),
(190, 31879, 9, 'GREEN', 190, 'Day 1'),
(191, 31935, 5, 'GREEN & VIOLET', 191, 'Day 1'),
(192, 31982, 2, 'RED', 192, 'Day 1'),
(193, 32034, 4, 'RED', 193, 'Day 1'),
(194, 31957, 7, 'GREEN', 194, 'Day 1'),
(195, 32053, 3, 'GREEN', 195, 'Day 1'),
(196, 32056, 6, 'RED', 196, 'Day 1'),
(197, 32087, 7, 'GREEN', 197, 'Day 1'),
(198, 31995, 5, 'GREEN & VIOLET', 198, 'Day 1'),
(199, 32008, 8, 'RED', 199, 'Day 1'),
(200, 31917, 7, 'GREEN', 200, 'Day 1'),
(201, 31835, 5, 'GREEN & VIOLET', 201, 'Day 1'),
(202, 31759, 9, 'GREEN', 202, 'Day 1'),
(203, 31817, 7, 'GREEN', 203, 'Day 1'),
(204, 31883, 3, 'GREEN', 204, 'Day 1'),
(205, 31972, 2, 'RED', 205, 'Day 1'),
(206, 31900, 0, 'RED & VIOLET', 206, 'Day 1'),
(207, 31891, 1, 'GREEN', 207, 'Day 1'),
(208, 31941, 1, 'GREEN', 208, 'Day 1'),
(209, 31927, 7, 'GREEN', 209, 'Day 1'),
(210, 31931, 1, 'GREEN', 210, 'Day 1'),
(211, 31969, 9, 'GREEN', 211, 'Day 1'),
(212, 31979, 9, 'GREEN', 212, 'Day 1'),
(213, 31919, 9, 'GREEN', 213, 'Day 1'),
(214, 31962, 2, 'RED', 214, 'Day 1'),
(215, 31897, 7, 'GREEN', 215, 'Day 1'),
(216, 31873, 3, 'GREEN', 216, 'Day 1'),
(217, 31863, 3, 'GREEN', 217, 'Day 1'),
(218, 31889, 9, 'GREEN', 218, 'Day 1'),
(219, 31800, 0, 'RED & VIOLET', 219, 'Day 1'),
(220, 31832, 2, 'RED', 220, 'Day 1'),
(221, 31793, 3, 'GREEN', 221, 'Day 1'),
(222, 31704, 4, 'RED', 222, 'Day 1'),
(223, 31623, 3, 'GREEN', 223, 'Day 1'),
(224, 31579, 9, 'GREEN', 224, 'Day 1'),
(225, 31546, 6, 'RED', 225, 'Day 1'),
(226, 31550, 0, 'RED & VIOLET', 226, 'Day 1'),
(227, 31586, 6, 'RED', 227, 'Day 1'),
(228, 31539, 9, 'GREEN', 228, 'Day 1'),
(229, 31550, 0, 'RED & VIOLET', 229, 'Day 1'),
(230, 31564, 4, 'RED', 230, 'Day 1'),
(231, 31476, 6, 'RED', 231, 'Day 1'),
(232, 31528, 8, 'RED', 232, 'Day 1'),
(233, 31556, 6, 'RED', 233, 'Day 1'),
(234, 31609, 9, 'GREEN', 234, 'Day 1'),
(235, 31644, 4, 'RED', 235, 'Day 1'),
(236, 31574, 4, 'RED', 236, 'Day 1'),
(237, 31566, 6, 'RED', 237, 'Day 1'),
(238, 31614, 4, 'RED', 238, 'Day 1'),
(239, 31578, 8, 'RED', 239, 'Day 1'),
(240, 31668, 8, 'RED', 240, 'Day 1'),
(241, 31736, 6, 'RED', 241, 'Day 1'),
(242, 31642, 2, 'RED', 242, 'Day 1'),
(243, 31634, 4, 'RED', 243, 'Day 1'),
(244, 31572, 2, 'RED', 244, 'Day 1'),
(245, 31586, 6, 'RED', 245, 'Day 1'),
(246, 31672, 2, 'RED', 246, 'Day 1'),
(247, 31676, 6, 'RED', 247, 'Day 1'),
(248, 31699, 9, 'GREEN', 248, 'Day 1'),
(249, 31604, 4, 'RED', 249, 'Day 1'),
(250, 31555, 5, 'GREEN & VIOLET', 250, 'Day 1'),
(251, 31487, 7, 'GREEN', 251, 'Day 1'),
(252, 31439, 9, 'GREEN', 252, 'Day 1'),
(253, 31423, 3, 'GREEN', 253, 'Day 1'),
(254, 31353, 3, 'GREEN', 254, 'Day 1'),
(255, 31261, 1, 'GREEN', 255, 'Day 1'),
(256, 31233, 3, 'GREEN', 256, 'Day 1'),
(257, 31225, 5, 'GREEN & VIOLET', 257, 'Day 1'),
(258, 31251, 1, 'GREEN', 258, 'Day 1'),
(259, 31204, 4, 'RED', 259, 'Day 1'),
(260, 31193, 3, 'GREEN', 260, 'Day 1'),
(261, 31216, 6, 'RED', 261, 'Day 1'),
(262, 31182, 2, 'RED', 262, 'Day 1'),
(263, 31237, 7, 'GREEN', 263, 'Day 1'),
(264, 31169, 9, 'GREEN', 264, 'Day 1'),
(265, 31188, 8, 'RED', 265, 'Day 1'),
(266, 31105, 5, 'GREEN & VIOLET', 266, 'Day 1'),
(267, 31091, 1, 'GREEN', 267, 'Day 1'),
(268, 31181, 1, 'GREEN', 268, 'Day 1'),
(269, 31090, 0, 'RED & VIOLET', 269, 'Day 1'),
(270, 31026, 6, 'RED', 270, 'Day 1'),
(271, 30940, 0, 'RED & VIOLET', 271, 'Day 1'),
(272, 31006, 6, 'RED', 272, 'Day 1'),
(273, 31026, 6, 'RED', 273, 'Day 1'),
(274, 31017, 7, 'GREEN', 274, 'Day 1'),
(275, 31004, 4, 'RED', 275, 'Day 1'),
(276, 30919, 9, 'GREEN', 276, 'Day 1'),
(277, 31013, 3, 'GREEN', 277, 'Day 1'),
(278, 30967, 7, 'GREEN', 278, 'Day 1'),
(279, 31067, 7, 'GREEN', 279, 'Day 1'),
(280, 31123, 3, 'GREEN', 280, 'Day 1'),
(281, 31145, 5, 'GREEN & VIOLET', 281, 'Day 1'),
(282, 31060, 0, 'RED & VIOLET', 282, 'Day 1'),
(283, 31113, 3, 'GREEN', 283, 'Day 1'),
(284, 31181, 1, 'GREEN', 284, 'Day 1'),
(285, 31217, 7, 'GREEN', 285, 'Day 1'),
(286, 31314, 4, 'RED', 286, 'Day 1'),
(287, 31350, 0, 'RED & VIOLET', 287, 'Day 1'),
(288, 31377, 7, 'GREEN', 288, 'Day 1'),
(289, 31409, 9, 'GREEN', 289, 'Day 1'),
(290, 31504, 4, 'RED', 290, 'Day 1'),
(291, 31467, 7, 'GREEN', 291, 'Day 1'),
(292, 31514, 4, 'RED', 292, 'Day 1'),
(293, 31445, 5, 'GREEN & VIOLET', 293, 'Day 1'),
(294, 31506, 6, 'RED', 294, 'Day 1'),
(295, 31415, 5, 'GREEN & VIOLET', 295, 'Day 1'),
(296, 31410, 0, 'RED & VIOLET', 296, 'Day 1'),
(297, 31445, 5, 'GREEN & VIOLET', 297, 'Day 1'),
(298, 31489, 9, 'GREEN', 298, 'Day 1'),
(299, 31575, 5, 'GREEN & VIOLET', 299, 'Day 1'),
(300, 31677, 7, 'GREEN', 300, 'Day 1'),
(301, 31724, 4, 'RED', 301, 'Day 1'),
(302, 31685, 5, 'GREEN & VIOLET', 302, 'Day 1'),
(303, 31610, 0, 'RED & VIOLET', 303, 'Day 1'),
(304, 31679, 9, 'GREEN', 304, 'Day 1'),
(305, 31609, 9, 'GREEN', 305, 'Day 1'),
(306, 31640, 0, 'RED & VIOLET', 306, 'Day 1'),
(307, 31611, 1, 'GREEN', 307, 'Day 1'),
(308, 31618, 8, 'RED', 308, 'Day 1'),
(309, 31684, 4, 'RED', 309, 'Day 1'),
(310, 31614, 4, 'RED', 310, 'Day 1'),
(311, 31587, 7, 'GREEN', 311, 'Day 1'),
(312, 31561, 1, 'GREEN', 312, 'Day 1'),
(313, 31574, 4, 'RED', 313, 'Day 1'),
(314, 31614, 4, 'RED', 314, 'Day 1'),
(315, 31637, 7, 'GREEN', 315, 'Day 1'),
(316, 31716, 6, 'RED', 316, 'Day 1'),
(317, 31662, 2, 'RED', 317, 'Day 1'),
(318, 31723, 3, 'GREEN', 318, 'Day 1'),
(319, 31754, 4, 'RED', 319, 'Day 1'),
(320, 31707, 7, 'GREEN', 320, 'Day 1'),
(321, 31615, 5, 'GREEN & VIOLET', 321, 'Day 1'),
(322, 31571, 1, 'GREEN', 322, 'Day 1'),
(323, 31638, 8, 'RED', 323, 'Day 1'),
(324, 31629, 9, 'GREEN', 324, 'Day 1'),
(325, 31608, 8, 'RED', 325, 'Day 1'),
(326, 31530, 0, 'RED & VIOLET', 326, 'Day 1'),
(327, 31481, 1, 'GREEN', 327, 'Day 1'),
(328, 31395, 5, 'GREEN & VIOLET', 328, 'Day 1'),
(329, 31477, 7, 'GREEN', 329, 'Day 1'),
(330, 31470, 0, 'RED & VIOLET', 330, 'Day 1'),
(331, 31427, 7, 'GREEN', 331, 'Day 1'),
(332, 31478, 8, 'RED', 332, 'Day 1'),
(333, 31440, 0, 'RED & VIOLET', 333, 'Day 1'),
(334, 31438, 8, 'RED', 334, 'Day 1'),
(335, 31400, 0, 'RED & VIOLET', 335, 'Day 1'),
(336, 31322, 2, 'RED', 336, 'Day 1'),
(337, 31386, 6, 'RED', 337, 'Day 1'),
(338, 31337, 7, 'GREEN', 338, 'Day 1'),
(339, 31284, 4, 'RED', 339, 'Day 1'),
(340, 31277, 7, 'GREEN', 340, 'Day 1'),
(341, 31206, 6, 'RED', 341, 'Day 1'),
(342, 31156, 6, 'RED', 342, 'Day 1'),
(343, 31204, 4, 'RED', 343, 'Day 1'),
(344, 31214, 4, 'RED', 344, 'Day 1'),
(345, 31283, 3, 'GREEN', 345, 'Day 1'),
(346, 31376, 6, 'RED', 346, 'Day 1'),
(347, 31473, 3, 'GREEN', 347, 'Day 1'),
(348, 31431, 1, 'GREEN', 348, 'Day 1'),
(349, 31398, 8, 'RED', 349, 'Day 1'),
(350, 31360, 0, 'RED & VIOLET', 350, 'Day 1'),
(351, 31312, 2, 'RED', 351, 'Day 1'),
(352, 31419, 9, 'GREEN', 352, 'Day 1'),
(353, 31467, 7, 'GREEN', 353, 'Day 1'),
(354, 31414, 4, 'RED', 354, 'Day 1'),
(355, 31350, 0, 'RED & VIOLET', 355, 'Day 1'),
(356, 31290, 0, 'RED & VIOLET', 356, 'Day 1'),
(357, 31362, 2, 'RED', 357, 'Day 1'),
(358, 31368, 8, 'RED', 358, 'Day 1'),
(359, 31398, 8, 'RED', 359, 'Day 1'),
(360, 31477, 7, 'GREEN', 360, 'Day 1'),
(361, 31429, 9, 'GREEN', 361, 'Day 1'),
(362, 31367, 7, 'GREEN', 362, 'Day 1'),
(363, 31379, 9, 'GREEN', 363, 'Day 1'),
(364, 31324, 4, 'RED', 364, 'Day 1'),
(365, 31346, 6, 'RED', 365, 'Day 1'),
(366, 31281, 1, 'GREEN', 366, 'Day 1'),
(367, 31344, 4, 'RED', 367, 'Day 1'),
(368, 31431, 1, 'GREEN', 368, 'Day 1'),
(369, 31467, 7, 'GREEN', 369, 'Day 1'),
(370, 31540, 0, 'RED & VIOLET', 370, 'Day 1'),
(371, 31567, 7, 'GREEN', 371, 'Day 1'),
(372, 31554, 4, 'RED', 372, 'Day 1'),
(373, 31600, 0, 'RED & VIOLET', 373, 'Day 1'),
(374, 31589, 9, 'GREEN', 374, 'Day 1'),
(375, 31644, 4, 'RED', 375, 'Day 1'),
(376, 31708, 8, 'RED', 376, 'Day 1'),
(377, 31682, 2, 'RED', 377, 'Day 1'),
(378, 31671, 1, 'GREEN', 378, 'Day 1'),
(379, 31575, 5, 'GREEN & VIOLET', 379, 'Day 1'),
(380, 31625, 5, 'GREEN & VIOLET', 380, 'Day 1'),
(381, 31536, 6, 'RED', 381, 'Day 1'),
(382, 31567, 7, 'GREEN', 382, 'Day 1'),
(383, 31541, 1, 'GREEN', 383, 'Day 1'),
(384, 31543, 3, 'GREEN', 384, 'Day 1'),
(385, 31498, 8, 'RED', 385, 'Day 1'),
(386, 31424, 4, 'RED', 386, 'Day 1'),
(387, 31331, 1, 'GREEN', 387, 'Day 1'),
(388, 31284, 4, 'RED', 388, 'Day 1'),
(389, 31183, 3, 'GREEN', 389, 'Day 1'),
(390, 31270, 0, 'RED & VIOLET', 390, 'Day 1'),
(391, 31185, 5, 'GREEN & VIOLET', 391, 'Day 1'),
(392, 31227, 7, 'GREEN', 392, 'Day 1'),
(393, 31171, 1, 'GREEN', 393, 'Day 1'),
(394, 31115, 5, 'GREEN & VIOLET', 394, 'Day 1'),
(395, 31177, 7, 'GREEN', 395, 'Day 1'),
(396, 31277, 7, 'GREEN', 396, 'Day 1'),
(397, 31185, 5, 'GREEN & VIOLET', 397, 'Day 1'),
(398, 31189, 9, 'GREEN', 398, 'Day 1'),
(399, 31137, 7, 'GREEN', 399, 'Day 1'),
(400, 31086, 6, 'RED', 400, 'Day 1'),
(401, 31176, 6, 'RED', 401, 'Day 1'),
(402, 31129, 9, 'GREEN', 402, 'Day 1'),
(403, 31136, 6, 'RED', 403, 'Day 1'),
(404, 31167, 7, 'GREEN', 404, 'Day 1'),
(405, 31156, 6, 'RED', 405, 'Day 1'),
(406, 31222, 2, 'RED', 406, 'Day 1'),
(407, 31262, 2, 'RED', 407, 'Day 1'),
(408, 31326, 6, 'RED', 408, 'Day 1'),
(409, 31388, 8, 'RED', 409, 'Day 1'),
(410, 31489, 9, 'GREEN', 410, 'Day 1'),
(411, 31576, 6, 'RED', 411, 'Day 1'),
(412, 31583, 3, 'GREEN', 412, 'Day 1'),
(413, 31633, 3, 'GREEN', 413, 'Day 1'),
(414, 31721, 1, 'GREEN', 414, 'Day 1'),
(415, 31757, 7, 'GREEN', 415, 'Day 1'),
(416, 31731, 1, 'GREEN', 416, 'Day 1'),
(417, 31721, 1, 'GREEN', 417, 'Day 1'),
(418, 31633, 3, 'GREEN', 418, 'Day 1'),
(419, 31640, 0, 'RED & VIOLET', 419, 'Day 1'),
(420, 31582, 2, 'RED', 420, 'Day 1'),
(421, 31508, 8, 'RED', 421, 'Day 1'),
(422, 31557, 7, 'GREEN', 422, 'Day 1'),
(423, 31514, 4, 'RED', 423, 'Day 1'),
(424, 31435, 5, 'GREEN & VIOLET', 424, 'Day 1'),
(425, 31345, 5, 'GREEN & VIOLET', 425, 'Day 1'),
(426, 31347, 7, 'GREEN', 426, 'Day 1'),
(427, 31316, 6, 'RED', 427, 'Day 1'),
(428, 31287, 7, 'GREEN', 428, 'Day 1'),
(429, 31194, 4, 'RED', 429, 'Day 1'),
(430, 31193, 3, 'GREEN', 430, 'Day 1'),
(431, 31178, 8, 'RED', 431, 'Day 1'),
(432, 31112, 2, 'RED', 432, 'Day 1'),
(433, 31129, 9, 'GREEN', 433, 'Day 1'),
(434, 31163, 3, 'GREEN', 434, 'Day 1'),
(435, 31220, 0, 'RED & VIOLET', 435, 'Day 1'),
(436, 31223, 3, 'GREEN', 436, 'Day 1'),
(437, 31208, 8, 'RED', 437, 'Day 1'),
(438, 31211, 1, 'GREEN', 438, 'Day 1'),
(439, 31160, 0, 'RED & VIOLET', 439, 'Day 1'),
(440, 31235, 5, 'GREEN & VIOLET', 440, 'Day 1'),
(441, 31173, 3, 'GREEN', 441, 'Day 1'),
(442, 31239, 9, 'GREEN', 442, 'Day 1'),
(443, 31146, 6, 'RED', 443, 'Day 1'),
(444, 31117, 7, 'GREEN', 444, 'Day 1'),
(445, 31116, 6, 'RED', 445, 'Day 1'),
(446, 31133, 3, 'GREEN', 446, 'Day 1'),
(447, 31131, 1, 'GREEN', 447, 'Day 1'),
(448, 31169, 9, 'GREEN', 448, 'Day 1'),
(449, 31129, 9, 'GREEN', 449, 'Day 1'),
(450, 31053, 3, 'GREEN', 450, 'Day 1'),
(451, 31122, 2, 'RED', 451, 'Day 1'),
(452, 31198, 8, 'RED', 452, 'Day 1'),
(453, 31175, 5, 'GREEN & VIOLET', 453, 'Day 1'),
(454, 31236, 6, 'RED', 454, 'Day 1'),
(455, 31301, 1, 'GREEN', 455, 'Day 1'),
(456, 31293, 3, 'GREEN', 456, 'Day 1'),
(457, 31269, 9, 'GREEN', 457, 'Day 1'),
(458, 31185, 5, 'GREEN & VIOLET', 458, 'Day 1'),
(459, 31121, 1, 'GREEN', 459, 'Day 1'),
(460, 31108, 8, 'RED', 460, 'Day 1'),
(461, 31127, 7, 'GREEN', 461, 'Day 1'),
(462, 31119, 9, 'GREEN', 462, 'Day 1'),
(463, 31071, 1, 'GREEN', 463, 'Day 1'),
(464, 31131, 1, 'GREEN', 464, 'Day 1'),
(465, 31223, 3, 'GREEN', 465, 'Day 1'),
(466, 31280, 0, 'RED & VIOLET', 466, 'Day 1'),
(467, 31229, 9, 'GREEN', 467, 'Day 1'),
(468, 31261, 1, 'GREEN', 468, 'Day 1'),
(469, 31203, 3, 'GREEN', 469, 'Day 1'),
(470, 31185, 5, 'GREEN & VIOLET', 470, 'Day 1'),
(471, 31164, 4, 'RED', 471, 'Day 1'),
(472, 31254, 4, 'RED', 472, 'Day 1'),
(473, 31274, 4, 'RED', 473, 'Day 1'),
(474, 31211, 1, 'GREEN', 474, 'Day 1'),
(475, 31144, 4, 'RED', 475, 'Day 1'),
(476, 31123, 3, 'GREEN', 476, 'Day 1'),
(477, 31079, 9, 'GREEN', 477, 'Day 1'),
(478, 31162, 2, 'RED', 478, 'Day 1'),
(479, 31219, 9, 'GREEN', 479, 'Day 1'),
(480, 29691, 1, 'GREEN', 480, 'Day 1');

-- --------------------------------------------------------

--
-- Table structure for table `tbl_recharge_confirmation`
--

CREATE TABLE `tbl_recharge_confirmation` (
  `id` int(11) NOT NULL,
  `user_id` int(11) NOT NULL,
  `amount` float NOT NULL,
  `utr` varchar(20) NOT NULL,
  `status` tinyint(1) NOT NULL DEFAULT 0,
  `createdate` date NOT NULL DEFAULT current_timestamp()
) ENGINE=InnoDB DEFAULT CHARSET=utf8mb4 COLLATE=utf8mb4_general_ci;

--
-- Dumping data for table `tbl_recharge_confirmation`
--

INSERT INTO `tbl_recharge_confirmation` (`id`, `user_id`, `amount`, `utr`, `status`, `createdate`) VALUES
(1, 9, 100, '12344321', 1, '2024-03-08');

-- --------------------------------------------------------

--
-- Table structure for table `tbl_result`
--

CREATE TABLE `tbl_result` (
  `id` int(11) NOT NULL,
  `periodid` varchar(300) NOT NULL,
  `price` float NOT NULL,
  `result` int(11) NOT NULL,
  `color` varchar(100) NOT NULL,
  `resulttype` varchar(50) NOT NULL,
  `createdate` timestamp NOT NULL DEFAULT current_timestamp()
) ENGINE=MyISAM DEFAULT CHARSET=latin1 COLLATE=latin1_swedish_ci;

--
-- Dumping data for table `tbl_result`
--

INSERT INTO `tbl_result` (`id`, `periodid`, `price`, `result`, `color`, `resulttype`, `createdate`) VALUES
(1, '1', 31026, 6, 'RED', 'real', '2024-03-05 17:27:05'),
(2, '1', 30802, 2, 'RED', 'real', '2024-03-05 17:28:26'),
(3, '1', 30871, 1, 'GREEN', 'real', '2024-03-05 17:30:57'),
(4, '20240305002', 31668, 8, 'RED', 'real', '2024-03-05 18:32:50'),
(5, '20240306003', 31483, 3, 'GREEN', 'real', '2024-03-05 18:35:50'),
(6, '20240306004', 31757, 7, 'GREEN', 'real', '2024-03-05 18:38:56'),
(7, '20240306005', 30811, 1, 'GREEN', 'real', '2024-03-05 18:41:55'),
(8, '20240306006', 31680, 0, 'RED & VIOLET', 'real', '2024-03-05 18:44:55'),
(9, '20240306007', 31431, 1, 'GREEN', 'real', '2024-03-05 18:47:55'),
(10, '20240306008', 31514, 4, 'RED', 'real', '2024-03-05 18:50:55'),
(11, '20240306009', 31447, 7, 'GREEN', 'real', '2024-03-05 18:53:55'),
(12, '20240306010', 31615, 5, 'GREEN & VIOLET', 'real', '2024-03-05 18:56:55'),
(13, '20240306011', 31630, 0, 'RED & VIOLET', 'real', '2024-03-05 18:59:55'),
(14, '20240306012', 30836, 6, 'RED', 'real', '2024-03-05 19:02:55'),
(15, '20240306013', 30905, 5, 'GREEN & VIOLET', 'real', '2024-03-05 19:05:55'),
(16, '20240306014', 31680, 0, 'RED & VIOLET', 'real', '2024-03-05 19:08:56'),
(17, '20240306015', 31236, 6, 'RED', 'real', '2024-03-05 19:11:55'),
(18, '20240306016', 31131, 1, 'GREEN', 'real', '2024-03-05 19:14:55'),
(19, '20240306017', 30800, 0, 'RED & VIOLET', 'real', '2024-03-05 19:17:55'),
(20, '20240306018', 31741, 1, 'GREEN', 'real', '2024-03-05 19:20:55'),
(21, '20240306019', 31277, 7, 'GREEN', 'real', '2024-03-05 19:23:55'),
(22, '20240306020', 31041, 1, 'GREEN', 'real', '2024-03-05 19:26:55'),
(23, '20240306021', 31935, 5, 'GREEN & VIOLET', 'real', '2024-03-05 19:29:55'),
(24, '20240306022', 30836, 6, 'RED', 'real', '2024-03-05 19:32:55'),
(25, '20240306023', 30710, 0, 'RED & VIOLET', 'real', '2024-03-05 19:35:55'),
(26, '20240306024', 31759, 9, 'GREEN', 'real', '2024-03-11 06:35:55');

-- --------------------------------------------------------

--
-- Table structure for table `tbl_wallet`
--

CREATE TABLE `tbl_wallet` (
  `id` int(11) NOT NULL,
  `user_id` int(11) NOT NULL,
  `amount` varchar(11) NOT NULL DEFAULT '0'
) ENGINE=InnoDB DEFAULT CHARSET=utf8mb4 COLLATE=utf8mb4_general_ci;

--
-- Dumping data for table `tbl_wallet`
--

INSERT INTO `tbl_wallet` (`id`, `user_id`, `amount`) VALUES
(1, 9, '0'),
(2, 11, '0');

-- --------------------------------------------------------

--
-- Table structure for table `tbl_winners`
--

CREATE TABLE `tbl_winners` (
  `id` int(11) NOT NULL,
  `userid` int(10) NOT NULL,
  `periodid` int(11) NOT NULL,
  `bidamt` float NOT NULL,
  `winamt` float NOT NULL,
  `bidid` int(11) NOT NULL
) ENGINE=MyISAM DEFAULT CHARSET=latin1 COLLATE=latin1_swedish_ci;

--
-- Dumping data for table `tbl_winners`
--

INSERT INTO `tbl_winners` (`id`, `userid`, `periodid`, `bidamt`, `winamt`, `bidid`) VALUES
(1, 0, 2147483647, 0, 0, 0);

-- --------------------------------------------------------

--
-- Table structure for table `tbl_withdrawal`
--

CREATE TABLE `tbl_withdrawal` (
  `id` int(11) NOT NULL,
  `userid` int(11) NOT NULL,
  `amount` float NOT NULL,
  `payoutid` varchar(50) NOT NULL,
  `platform` varchar(11) NOT NULL,
  `status` smallint(11) NOT NULL DEFAULT 0,
  `createdate` date NOT NULL DEFAULT current_timestamp()
) ENGINE=MyISAM DEFAULT CHARSET=latin1 COLLATE=latin1_swedish_ci;

--
-- Dumping data for table `tbl_withdrawal`
--

INSERT INTO `tbl_withdrawal` (`id`, `userid`, `amount`, `payoutid`, `platform`, `status`, `createdate`) VALUES
(1, 9, 100, '6369343481', 'G-Pay', 0, '2024-03-08');

--
-- Indexes for dumped tables
--

--
-- Indexes for table `cno_users`
--
ALTER TABLE `cno_users`
  ADD PRIMARY KEY (`id`),
  ADD UNIQUE KEY `usr_name` (`usr_name`),
  ADD UNIQUE KEY `usr_name_2` (`usr_name`);

--
-- Indexes for table `tbl_betting`
--
ALTER TABLE `tbl_betting`
  ADD PRIMARY KEY (`id`);

--
-- Indexes for table `tbl_gameid`
--
ALTER TABLE `tbl_gameid`
  ADD PRIMARY KEY (`id`);

--
-- Indexes for table `tbl_randomdata`
--
ALTER TABLE `tbl_randomdata`
  ADD PRIMARY KEY (`id`);

--
-- Indexes for table `tbl_recharge_confirmation`
--
ALTER TABLE `tbl_recharge_confirmation`
  ADD PRIMARY KEY (`id`),
  ADD UNIQUE KEY `utr` (`utr`),
  ADD KEY `user_id` (`user_id`);

--
-- Indexes for table `tbl_result`
--
ALTER TABLE `tbl_result`
  ADD PRIMARY KEY (`id`);

--
-- Indexes for table `tbl_wallet`
--
ALTER TABLE `tbl_wallet`
  ADD PRIMARY KEY (`id`),
  ADD KEY `user_id` (`user_id`);

--
-- Indexes for table `tbl_winners`
--
ALTER TABLE `tbl_winners`
  ADD PRIMARY KEY (`id`);

--
-- Indexes for table `tbl_withdrawal`
--
ALTER TABLE `tbl_withdrawal`
  ADD PRIMARY KEY (`id`);

--
-- AUTO_INCREMENT for dumped tables
--

--
-- AUTO_INCREMENT for table `cno_users`
--
ALTER TABLE `cno_users`
  MODIFY `id` int(10) NOT NULL AUTO_INCREMENT, AUTO_INCREMENT=13;

--
-- AUTO_INCREMENT for table `tbl_betting`
--
ALTER TABLE `tbl_betting`
  MODIFY `id` int(11) NOT NULL AUTO_INCREMENT, AUTO_INCREMENT=6;

--
-- AUTO_INCREMENT for table `tbl_gameid`
--
ALTER TABLE `tbl_gameid`
  MODIFY `id` int(11) NOT NULL AUTO_INCREMENT, AUTO_INCREMENT=27;

--
-- AUTO_INCREMENT for table `tbl_randomdata`
--
ALTER TABLE `tbl_randomdata`
  MODIFY `id` int(11) NOT NULL AUTO_INCREMENT, AUTO_INCREMENT=481;

--
-- AUTO_INCREMENT for table `tbl_recharge_confirmation`
--
ALTER TABLE `tbl_recharge_confirmation`
  MODIFY `id` int(11) NOT NULL AUTO_INCREMENT, AUTO_INCREMENT=2;

--
-- AUTO_INCREMENT for table `tbl_result`
--
ALTER TABLE `tbl_result`
  MODIFY `id` int(11) NOT NULL AUTO_INCREMENT, AUTO_INCREMENT=27;

--
-- AUTO_INCREMENT for table `tbl_wallet`
--
ALTER TABLE `tbl_wallet`
  MODIFY `id` int(11) NOT NULL AUTO_INCREMENT, AUTO_INCREMENT=4;

--
-- AUTO_INCREMENT for table `tbl_winners`
--
ALTER TABLE `tbl_winners`
  MODIFY `id` int(11) NOT NULL AUTO_INCREMENT, AUTO_INCREMENT=2;

--
-- AUTO_INCREMENT for table `tbl_withdrawal`
--
ALTER TABLE `tbl_withdrawal`
  MODIFY `id` int(11) NOT NULL AUTO_INCREMENT, AUTO_INCREMENT=2;

--
-- Constraints for dumped tables
--

--
-- Constraints for table `tbl_recharge_confirmation`
--
ALTER TABLE `tbl_recharge_confirmation`
  ADD CONSTRAINT `tbl_recharge_confirmation_ibfk_1` FOREIGN KEY (`user_id`) REFERENCES `cno_users` (`id`);

--
-- Constraints for table `tbl_wallet`
--
ALTER TABLE `tbl_wallet`
  ADD CONSTRAINT `tbl_wallet_ibfk_1` FOREIGN KEY (`user_id`) REFERENCES `cno_users` (`id`);
COMMIT;

/*!40101 SET CHARACTER_SET_CLIENT=@OLD_CHARACTER_SET_CLIENT */;
/*!40101 SET CHARACTER_SET_RESULTS=@OLD_CHARACTER_SET_RESULTS */;
/*!40101 SET COLLATION_CONNECTION=@OLD_COLLATION_CONNECTION */;
